Workbook

Sheet Defict_dataframe
A1: Código Município Completo | B1: Nome_Município | C1: Sigla_UF | D1: Nome_Regiao | E1: MATOPIBA | F1: Latitude | G1: Longitude | H1: quantidade_produzida | I1: area_colhida | J1: valor_producao | K1: qtd_capacidade_estatica(t) | L1: defict_armazenagem
A2: 1100015 | B2: Alta Floresta D'Oeste | C2: RO | D2: Norte | E2: 0 | F2: -3.3483725 | G2: -64.70842 | H2: =IFERROR(VLOOKUP($A2,id_municipio_qtd_prod!$A:$E,3,0),0) -> 14373 | I2: =IFERROR(VLOOKUP($A2,id_municipio_qtd_prod!$A:$E,4,0),0) -> 3546 | J2: =IFERROR(VLOOKUP($A2,id_municipio_qtd_prod!$A:$E,5,0),0) -> 17876000 | K2: =IFERROR(VLOOKUP(A2,Id_municipio_cap_amzg!$A$1:$C$1466,3,0),0) -> 0 | L2: =K2-H2 -> -14373
A3: 1100379 | B3: Alto Alegre dos Parecis | C3: RO | D3: Norte | E3: 0 | F3: 3.8829783 | G3: -59.635206 | H3: =IFERROR(VLOOKUP($A3,id_municipio_qtd_prod!$A:$E,3,0),0) -> 25758 | I3: =IFERROR(VLOOKUP($A3,id_municipio_qtd_prod!$A:$E,4,0),0) -> 6451 | J3: =IFERROR(VLOOKUP($A3,id_municipio_qtd_prod!$A:$E,5,0),0) -> 32540000 | K3: =IFERROR(VLOOKUP(A3,Id_municipio_cap_amzg!$A$1:$C$1466,3,0),0) -> 11360 | L3: =K3-H3 -> -14398
A4: 1100403 | B4: Alto Paraíso | C4: RO | D4: Norte | E4: 0 | F4: -1.5273388 | G4: -52.576835 | H4: 154431 | I4: 41566 | J4: 228315000 | K4: 2160 | L4: =K4-H4 -> -152271
A5: 1100346 | B5: Alvorada D'Oeste | C5: RO | D5: Norte | E5: 0 | F5: -6.5321966 | G5: -49.848958 | H5: 3500 | I5: 1058 | J5: 5816000 | K5: 0 | L5: =K5-H5 -> -3500
A6: 1100023 | B6: Ariquemes | C6: RO | D6: Norte | E6: 0 | F6: -9.7988804 | G6: -49.651034 | H6: 87623 | I6: 23855 | J6: 123258000 | K6: 30630 | L6: =K6-H6 -> -56993
A7: 1100452 | B7: Buritis | C7: RO | D7: Norte | E7: 0 | F7: -7.7755629 | G7: -42.256958 | H7: 12467 | I7: 3412 | J7: 15848000 | K7: 0 | L7: =K7-H7 -> -12467
A8: 1100031 | B8: Cabixi | C8: RO | D8: Norte | E8: 0 | F8: -7.0813739 | G8: -41.468827 | H8: 214234 | I8: 53392 | J8: 275572000 | K8: 4180 | L8: =K8-H8 -> -210054
A9: 1100601 | B9: Cacaulândia | C9: RO | D9: Norte | E9: 0 | F9: -6.240183 | G9: -42.685024 | H9: 4474 | I9: 1105 | J9: 5367000 | K9: 0 | L9: =K9-H9 -> -4474
A10: 1100049 | B10: Cacoal | C10: RO | D10: Norte | E10: 0 | F10: -7.4930088 | G10: -42.570179 | H10: 36884 | I10: 9556 | J10: 50543000 | K10: 31750 | L10: =K10-H10 -> -5134
A11: 1100700 | B11: Campo Novo de Rondônia | C11: RO | D11: Norte | E11: 0 | F11: -5.6108896 | G11: -38.762526 | H11: 4726 | I11: 1334 | J11: 7101000 | K11: 0 | L11: =K11-H11 -> -4726
A12: 1100809 | B12: Candeias do Jamari | C12: RO | D12: Norte | E12: 0 | F12: -4.4850665 | G12: -38.598538 | H12: 153128 | I12: 40524 | J12: 216872000 | K12: 6010 | L12: =K12-H12 -> -147118
A13: 1100908 | B13: Castanheiras | C13: RO | D13: Norte | E13: 0 | F13: -5.2715587 | G13: -35.384872 | H13: 42330 | I13: 9615 | J13: 56454000 | K13: 0 | L13: =K13-H13 -> -42330
A14: 1100056 | B14: Cerejeiras | C14: RO | D14: Norte | E14: 0 | F14: -5.7781878 | G14: -37.956581 | H14: 263686 | I14: 66480 | J14: 329158000 | K14: 67160 | L14: =K14-H14 -> -196526
A15: 1100924 | B15: Chupinguaia | C15: RO | D15: Norte | E15: 0 | F15: -6.6940426 | G15: -35.536274 | H15: 340155 | I15: 72769 | J15: 398523000 | K15: 78070 | L15: =K15-H15 -> -262085
... A5566: 5300108 | B5566: Brasília | C5566: DF | D5566: Centro-Oeste | E5566: 0 | F5566: -7.1584176 | G5566: -41.35758 | H5566: 712723 | I5566: 160700 | J5566: 891976000 | K5566: 349721 | L5566: =K5566-H5566 -> -363002

Sheet id_municipio_qtd_prod
C3: Values | K3: Values
A4: id_municipio | B4: id_municipio_nome | C4: Sum of quantidade_produzida(t) | D4: Sum of area_colhida(he) | E4: Sum of valor_producao (R$) | H4: id_municipio | I4: id_municipio_nome | J4: produto | K4: Sum of quantidade_produzida(t) | L4: Sum of area_colhida(he) | M4: Sum of valor_producao (R$)
A5: 1100015 | B5: Alta Floresta D'Oeste | C5: 14373 | D5: 3546 | E5: 17876000 | H5: 5107925 | I5: Sorriso | J5: Milho (em grão) | K5: 3660000 | L5: 500000 | M5: 2361908000
A6: 1100023 | B6: Ariquemes | C6: 87623 | D6: 23855 | E6: 123258000 | J6: Soja (em grão) | K6: 2084520 | L6: 599000 | M6: 3331063000
A7: 1100031 | B7: Cabixi | C7: 214234 | D7: 53392 | E7: 275572000 | H7: Grand Total | K7: 5744520 | L7: 1099000 | M7: 5692971000
A8: 1100049 | B8: Cacoal | C8: 36884 | D8: 9556 | E8: 50543000
A9: 1100056 | B9: Cerejeiras | C9: 263686 | D9: 66480 | E9: 329158000
A10: 1100064 | B10: Colorado do Oeste | C10: 16544 | D10: 4185 | E10: 19601000
A11: 1100072 | B11: Corumbiara | C11: 361811 | D11: 85763 | E11: 432220000
A12: 1100080 | B12: Costa Marques | C12: 44773 | D12: 11264 | E12: 56323000
A13: 1100098 | B13: Espigão D'Oeste | C13: 12200 | D13: 3296 | E13: 16017000
A14: 1100106 | B14: Guajará-Mirim | C14: 42875 | D14: 11725 | E14: 62903000
A15: 1100114 | B15: Jaru | C15: 2376 | D15: 637 | E15: 2547000
A16: 1100122 | B16: Ji-Paraná | C16: 2528 | D16: 623 | E16: 2340000
A17: 1100130 | B17: Machadinho D'Oeste | C17: 88471 | D17: 22925 | E17: 119101000
A18: 1100148 | B18: Nova Brasilândia D'Oeste | C18: 12161 | D18: 3074 | E18: 16375000
A19: 1100155 | B19: Ouro Preto do Oeste | C19: 13300 | D19: 3231 | E19: 16304000
... A1134: 2410207 | B1134: Portalegre | C1134: 44 | D1134: 45 | E1134: 74000
A1135: 2410256 | B1135: Porto do Mangue | C1135: 0 | E1135: 0
A1136: 2410306 | B1136: Serra Caiada | C1136: 30 | D1136: 80 | E1136: 38000
A1137: 2410405 | B1137: Pureza | C1137: 80 | D1137: 100 | E1137: 136000
A1138: 2410504 | B1138: Rafael Fernandes | C1138: 93 | D1138: 280 | E1138: 186000
A1139: 2410603 | B1139: Rafael Godeiro | C1139: 20 | D1139: 125 | E1139: 27000
A1140: 2410702 | B1140: Riacho da Cruz | C1140: 74 | D1140: 140 | E1140: 99000
A1141: 2410801 | B1141: Riacho de Santana | C1141: 27 | D1141: 60 | E1141: 45000
A1142: 2410900 | B1142: Riachuelo | C1142: 232 | D1142: 60 | E1142: 232000
A1143: 2411007 | B1143: Rodolfo Fernandes | C1143: 19 | D1143: 75 | E1143: 28000
A1144: 2411056 | B1144: Tibau | C1144: 62 | D1144: 154 | E1144: 68000
A1145: 2411106 | B1145: Ruy Barbosa | C1145: 45 | D1145: 90 | E1145: 90000
A1146: 2411205 | B1146: Santa Cruz | C1146: 72 | D1146: 1200 | E1146: 140000
A1147: 2411403 | B1147: Santana do Matos | C1147: 25 | D1147: 60 | E1147: 43000
... A1720: 2903508 | B1720: Belo Campo | C1720: 750 | D1720: 500 | E1720: 760000
A1721: 2903607 | B1721: Biritinga | C1721: 0 | E1721: 0
A1722: 2903805 | B1722: Boa Vista do Tupim | C1722: 337 | D1722: 312 | E1722: 328000
A1723: 2903904 | B1723: Bom Jesus da Lapa | C1723: 407 | D1723: 981 | E1723: 344000
A1724: 2903953 | B1724: Bom Jesus da Serra | C1724: 60 | D1724: 402 | E1724: 67000
A1725: 2904001 | B1725: Boninal | C1725: 21 | D1725: 500 | E1725: 26000
A1726: 2904050 | B1726: Bonito | C1726: 178 | D1726: 41 | E1726: 174000
A1727: 2904100 | B1727: Boquira | C1727: 151 | D1727: 765 | E1727: 180000
A1728: 2904209 | B1728: Botuporã | C1728: 387 | D1728: 418 | E1728: 346000
A1729: 2904308 | B1729: Brejões | C1729: 32 | D1729: 5 | E1729: 29000
A1730: 2904407 | B1730: Brejolândia | C1730: 28 | D1730: 150 | E1730: 28000
A1731: 2904506 | B1731: Brotas de Macaúbas | C1731: 142 | D1731: 519 | E1731: 132000
A1732: 2904605 | B1732: Brumado | C1732: 8 | D1732: 267 | E1732: 6000
A1733: 2904753 | B1733: Buritirama | C1733: 246 | D1733: 606 | E1733: 234000
... A1954: 2926004 | B1954: Remanso | C1954: 84 | D1954: 200 | E1954: 75000
A1955: 2926103 | B1955: Retirolândia | C1955: 0 | E1955: 0
A1956: 2926202 | B1956: Riachão das Neves | C1956: 647190 | D1956: 152009 | E1956: 1096370000
A1957: 2926301 | B1957: Riachão do Jacuípe | C1957: 1 | D1957: 331 | E1957: 1000
A1958: 2926400 | B1958: Riacho de Santana | C1958: 354 | D1958: 1161 | E1958: 193000
A1959: 2926509 | B1959: Ribeira do Amparo | C1959: 1273 | D1959: 4243 | E1959: 1108000
A1960: 2926608 | B1960: Ribeira do Pombal | C1960: 2640 | D1960: 3300 | E1960: 2429000
A1961: 2926657 | B1961: Ribeirão do Largo | C1961: 73 | D1961: 371 | E1961: 66000
A1962: 2926707 | B1962: Rio de Contas | C1962: 82 | D1962: 391 | E1962: 68000
A1963: 2926806 | B1963: Rio do Antônio | C1963: 14 | D1963: 405 | E1963: 7000
A1964: 2926905 | B1964: Rio do Pires | C1964: 247 | D1964: 515 | E1964: 214000
A1965: 2927002 | B1965: Rio Real | C1965: 33404 | D1965: 6118 | E1965: 32435000
A1966: 2927200 | B1966: Ruy Barbosa | C1966: 100 | D1966: 238 | E1966: 84000
A1967: 2927507 | B1967: Santa Bárbara | C1967: 120 | D1967: 1000 | E1967: 97000
... A1980: 2928901 | B1980: São Desidério | C1980: 2524224 | D1980: 562599 | E1980: 4067338000
A1981: 2928950 | B1981: São Domingos | C1981: 0 | E1981: 0
A1982: 2929008 | B1982: São Félix | C1982: 14 | D1982: 10 | E1982: 12000
A1983: 2929057 | B1983: São Félix do Coribe | C1983: 5500 | D1983: 580 | E1983: 5195000
A1984: 2929107 | B1984: São Felipe | C1984: 27 | D1984: 32 | E1984: 25000
A1985: 2929206 | B1985: São Francisco do Conde | C1985: 3 | D1985: 2 | E1985: 3000
A1986: 2929255 | B1986: São Gabriel | C1986: 1139 | D1986: 1502 | E1986: 909000
A1987: 2929305 | B1987: São Gonçalo dos Campos | C1987: 275 | D1987: 500 | E1987: 265000
A1988: 2929370 | B1988: São José do Jacuípe | C1988: 24 | D1988: 62 | E1988: 26000
A1989: 2929404 | B1989: São Miguel das Matas | C1989: 77 | D1989: 34 | E1989: 79000
A1990: 2929602 | B1990: Sapeaçu | C1990: 17 | D1990: 32 | E1990: 16000
A1991: 2929701 | B1991: Sátiro Dias | C1991: 48584 | D1991: 7639 | E1991: 43871000
A1992: 2929750 | B1992: Saubara | C1992: 31 | D1992: 30 | E1992: 29000
A1993: 2929800 | B1993: Saúde | C1993: 180 | D1993: 300 | E1993: 202000
... A2024: 2932903 | B2024: Valença | C2024: 77 | D2024: 40 | E2024: 72000
A2025: 2933000 | B2025: Valente | C2025: 0 | E2025: 0
A2026: 2933059 | B2026: Várzea da Roça | C2026: 107 | D2026: 1782 | E2026: 157000
A2027: 2933109 | B2027: Várzea do Poço | C2027: 216 | D2027: 900 | E2027: 239000
A2028: 2933158 | B2028: Várzea Nova | C2028: 636 | D2028: 156 | E2028: 537000
A2029: 2933174 | B2029: Varzedo | C2029: 8 | D2029: 8 | E2029: 7000
A2030: 2933307 | B2030: Vitória da Conquista | C2030: 201 | D2030: 955 | E2030: 170000
A2031: 2933406 | B2031: Wagner | C2031: 399 | D2031: 208 | E2031: 357000
A2032: 2933455 | B2032: Wanderley | C2032: 4220 | D2032: 2156 | E2032: 3188000
A2033: 2933604 | B2033: Xique-Xique | C2033: 160 | D2033: 719 | E2033: 138000
A2034: 3100104 | B2034: Abadia dos Dourados | C2034: 32253 | D2034: 7670 | E2034: 45767000
A2035: 3100203 | B2035: Abaeté | C2035: 7115 | D2035: 1250 | E2035: 7873000
A2036: 3100302 | B2036: Abre Campo | C2036: 1239 | D2036: 350 | E2036: 1066000
A2037: 3100401 | B2037: Acaiaca | C2037: 304 | D2037: 100 | E2037: 289000
... A2565: 3147907 | B2565: Passos | C2565: 131700 | D2565: 29400 | E2565: 170872000
A2566: 3147956 | B2566: Patis | C2566: 0 | E2566: 0
A2567: 3148004 | B2567: Patos de Minas | C2567: 256536 | D2567: 52150 | E2567: 308826000
A2568: 3148103 | B2568: Patrocínio | C2568: 270825 | D2568: 66000 | E2568: 365058000
A2569: 3148202 | B2569: Patrocínio do Muriaé | C2569: 150 | D2569: 30 | E2569: 150000
A2570: 3148301 | B2570: Paula Cândido | C2570: 4200 | D2570: 700 | E2570: 3780000
A2571: 3148400 | B2571: Paulistas | C2571: 510 | D2571: 220 | E2571: 505000
A2572: 3148608 | B2572: Peçanha | C2572: 36 | D2572: 15 | E2572: 36000
A2573: 3148756 | B2573: Pedra Bonita | C2573: 421 | D2573: 180 | E2573: 392000
A2574: 3148806 | B2574: Pedra do Anta | C2574: 1687 | D2574: 350 | E2574: 1518000
A2575: 3148905 | B2575: Pedra do Indaiá | C2575: 1174 | D2575: 190 | E2575: 1057000
A2576: 3149002 | B2576: Pedra Dourada | C2576: 226 | D2576: 50 | E2576: 210000
A2577: 3149101 | B2577: Pedralva | C2577: 1755 | D2577: 300 | E2577: 1730000
...

Sheet Dataframe_pam
A1: ano | B1: id_municipio | C1: id_municipio_nome | D1: produto | E1: area_plantada(he) | F1: area_colhida(he) | G1: quantidade_produzida(t) | H1: rendimento_medio_producao | I1: valor_producao (R$)
A2: 2024 | B2: 5003157 | C2: Coronel Sapucaia | D2: Sorgo (em grão) | E2: 1700 | F2: 1700 | G2: 3400 | H2: 20000 | I2: 1700000
A3: 2024 | B3: 1100379 | C3: Alto Alegre dos Parecis | D3: Soja (em grão) | E3: 3579 | F3: 3579 | G3: 13099 | H3: 36600 | I3: 21218000
A4: 2024 | B4: 1200013 | C4: Acrelândia | D4: Soja (em grão) | E4: 25 | F4: 25 | G4: 93 | H4: 37200 | I4: 170000
A5: 2024 | B5: 2203008 | C5: Cristalândia do Piauí | D5: Soja (em grão) | E5: 1562 | F5: 1562 | G5: 6092 | H5: 39000 | I5: 11829000
A6: 2024 | B6: 2703759 | C6: Jequiá da Praia | D6: Soja (em grão) | E6: 495 | F6: 495 | G6: 1832 | H6: 37010 | I6: 3664000
A7: 2024 | B7: 3134806 | C7: Jacuí | D7: Soja (em grão) | E7: 2300 | F7: 2300 | G7: 8280 | H7: 36000 | I7: 15070000
A8: 2024 | B8: 3519055 | C8: Holambra | D8: Soja (em grão) | E8: 730 | F8: 730 | G8: 3066 | H8: 42000 | I8: 6077000
A9: 2024 | B9: 3519709 | C9: Ibiúna | D9: Soja (em grão) | E9: 290 | F9: 290 | G9: 870 | H9: 30000 | I9: 1697000
A10: 2024 | B10: 3527702 | C10: Luiziânia | D10: Soja (em grão) | E10: 180 | F10: 180 | G10: 540 | H10: 30000 | I10: 978000
A11: 2024 | B11: 4116703 | C11: Nova Aurora | D11: Soja (em grão) | E11: 34190 | F11: 34190 | G11: 122913 | H11: 35950 | I11: 216278000
A12: 2024 | B12: 4120408 | C12: Presidente Castelo Branco | D12: Soja (em grão) | E12: 3100 | F12: 3100 | G12: 7688 | H12: 24800 | I12: 13535000
A13: 2024 | B13: 4207601 | C13: Ipira | D13: Soja (em grão) | E13: 340 | F13: 340 | G13: 1224 | H13: 36000 | I13: 2509000
... A48: 2024 | B48: 5212600 | C48: Mairipotaba | D48: Girassol (em grão) | E48: 110 | F48: 110 | G48: 176 | H48: 16000 | I48: 334000
A49: 2024 | B49: 3552700 | C49: Tabatinga | D49: Sorgo (em grão) | E49: 35 | G49: 0 | I49: 0
A50: 2024 | B50: 5001003 | C50: Aparecida do Taboado | D50: Sorgo (em grão) | E50: 242 | F50: 242 | G50: 1278 | H50: 52810 | I50: 959000
A51: 2024 | B51: 5003702 | C51: Dourados | D51: Sorgo (em grão) | E51: 1425 | F51: 1425 | G51: 2565 | H51: 18000 | I51: 1283000
A52: 2024 | B52: 1100023 | C52: Ariquemes | D52: Soja (em grão) | E52: 15980 | F52: 15980 | G52: 52734 | H52: 33000 | I52: 93540000
A53: 2024 | B53: 1400209 | C53: Caracaraí | D53: Soja (em grão) | E53: 685 | F53: 685 | G53: 2466 | H53: 36000 | I53: 5137000
A54: 2024 | B54: 2100105 | C54: Afonso Cunha | D54: Soja (em grão) | E54: 8030 | F54: 8030 | G54: 24090 | H54: 30000 | I54: 53981000
A55: 2024 | B55: 3102803 | C55: Andrelândia | D55: Soja (em grão) | E55: 1600 | F55: 1600 | G55: 5568 | H55: 34800 | I55: 9883000
A56: 2024 | B56: 3133758 | C56: Itaú de Minas | D56: Soja (em grão) | E56: 750 | F56: 750 | G56: 2700 | H56: 36000 | I56: 4700000
A57: 2024 | B57: 3527108 | C57: Lins | D57: Soja (em grão) | E57: 726 | F57: 726 | G57: 1982 | H57: 27300 | I57: 3469000
A58: 2024 | B58: 4109807 | C58: Ibiporã | D58: Soja (em grão) | E58: 16400 | F58: 16400 | G58: 60680 | H58: 37000 | I58: 115292000
A59: 2024 | B59: 4114906 | C59: Marilândia do Sul | D59: Soja (em grão) | E59: 22550 | F59: 22550 | G59: 78925 | H59: 35000 | I59: 154693000
A60: 2024 | B60: 4219309 | C60: Videira | D60: Soja (em grão) | E60: 2300 | F60: 2300 | G60: 8034 | H60: 34930 | I60: 16068000
A61: 2024 | B61: 4315800 | C61: Roca Sales | D61: Soja (em grão) | E61: 1950 | F61: 1370 | G61: 4110 | H61: 30000 | I61: 7945000
... A2187: 2024 | B2187: 4124707 | C2187: São Jerônimo da Serra | D2187: Sorgo (em grão) | E2187: 20 | F2187: 20 | G2187: 50 | H2187: 25000 | I2187: 30000
A2188: 2024 | B2188: 5007802 | C2188: Selvíria | D2188: Sorgo (em grão) | E2188: 20 | G2188: 0 | I2188: 0
A2189: 2024 | B2189: 3513900 | C2189: Divinolândia | D2189: Soja (em grão) | E2189: 20 | F2189: 20 | G2189: 72 | H2189: 36000 | I2189: 158000
A2190: 2024 | B2190: 3507001 | C2190: Boituva | D2190: Sorgo (em grão) | E2190: 20 | F2190: 20 | G2190: 90 | H2190: 45000 | I2190: 63000
A2191: 2024 | B2191: 4209508 | C2191: Laurentino | D2191: Soja (em grão) | E2191: 20 | F2191: 20 | G2191: 60 | H2191: 30000 | I2191: 126000
A2192: 2024 | B2192: 3539509 | C2192: Pitangueiras | D2192: Sorgo (em grão) | E2192: 20 | F2192: 20 | G2192: 60 | H2192: 30000 | I2192: 44000
A2193: 2024 | B2193: 3524303 | C2193: Jaboticabal | D2193: Sorgo (em grão) | E2193: 30 | F2193: 30 | G2193: 90 | H2193: 30000 | I2193: 67000
A2194: 2024 | B2194: 4101408 | C2194: Apucarana | D2194: Sorgo (em grão) | E2194: 30 | F2194: 30 | G2194: 96 | H2194: 32000 | I2194: 72000
A2195: 2024 | B2195: 4212403 | C2195: Pedras Grandes | D2195: Soja (em grão) | E2195: 30 | F2195: 30 | G2195: 105 | H2195: 35000 | I2195: 273000
A2196: 2024 | B2196: 3135902 | C2196: Jesuânia | D2196: Soja (em grão) | E2196: 30 | F2196: 30 | G2196: 90 | H2196: 30000 | I2196: 156000
A2197: 2024 | B2197: 3540259 | C2197: Pontalinda | D2197: Soja (em grão) | E2197: 30 | F2197: 30 | G2197: 90 | H2197: 30000 | I2197: 179000
A2198: 2024 | B2198: 3135050 | C2198: Jaíba | D2198: Sorgo (em grão) | E2198: 30 | F2198: 30 | G2198: 30 | H2198: 10000 | I2198: 20000
A2199: 2024 | B2199: 3103504 | C2199: Araguari | D2199: Girassol (em grão) | E2199: 30 | F2199: 30 | G2199: 45 | H2199: 15000 | I2199: 96000
A2200: 2024 | B2200: 1101500 | C2200: Seringueiras | D2200: Sorgo (em grão) | E2200: 30 | F2200: 30 | G2200: 90 | H2200: 30000 | I2200: 214000
A2201: 2024 | B2201: 3170008 | C2201: Ubaí | D2201: Sorgo (em grão) | E2201: 30 | G2201: 0 | I2201: 0
A2202: 2024 | B2202: 3518008 | C2202: Guarani d'Oeste | D2202: Soja (em grão) | E2202: 30 | F2202: 30 | G2202: 72 | H2202: 24000 | I2202: 143000
A2203: 2024 | B2203: 1101484 | C2203: São Felipe D'Oeste | D2203: Sorgo (em grão) | E2203: 30 | F2203: 30 | G2203: 102 | H2203: 34000 | I2203: 263000
A2204: 2024 | B2204: 5105234 | C2204: Lambari D'Oeste | D2204: Sorgo (em grão) | E2204: 30 | F2204: 30 | G2204: 108 | H2204: 36000 | I2204: 54000
A2205: 2024 | B2205: 3151404 | C2205: Pitangui | D2205: Soja (em grão) | E2205: 30 | F2205: 30 | G2205: 90 | H2205: 30000 | I2205: 170000
A2206: 2024 | B2206: 2916856 | C2206: Itatim | D2206: Soja (em grão) | E2206: 30 | F2206: 30 | G2206: 71 | H2206: 23670 | I2206: 134000
A2207: 2024 | B2207: 3138302 | C2207: Leandro Ferreira | D2207: Soja (em grão) | E2207: 30 | F2207: 30 | G2207: 99 | H2207: 33000 | I2207: 186000
A2208: 2024 | B2208: 5004601 | C2208: Itaquiraí | D2208: Sorgo (em grão) | E2208: 30 | F2208: 30 | G2208: 33 | H2208: 11000 | I2208: 21000
A2209: 2024 | B2209: 3514502 | C2209: Duartina | D2209: Soja (em grão) | E2209: 30 | F2209: 30 | G2209: 33 | H2209: 11000 | I2209: 59000
A2210: 2024 | B2210: 3550803 | C2210: São Sebastião da Grama | D2210: Sorgo (em grão) | E2210: 30 | F2210: 30 | G2210: 72 | H2210: 24000 | I2210: 48000
A2211: 2024 | B2211: 3531407 | C2211: Monte Aprazível | D2211: Sorgo (em grão) | E2211: 30 | F2211: 30 | G2211: 144 | H2211: 48000 | I2211: 122000
A2212: 2024 | B2212: 3132909 | C2212: Itamogi | D2212: Soja (em grão) | E2212: 30 | F2212: 30 | G2212: 99 | H2212: 33000 | I2212: 182000
A2213: 2024 | B2213: 2930758 | C2213: Sítio do Mato | D2213: Sorgo (em grão) | E2213: 30 | F2213: 30 | G2213: 12 | H2213: 4000 | I2213: 9000
... A2264: 2024 | B2264: 3512704 | C2264: Corumbataí | D2264: Sorgo (em grão) | E2264: 50 | F2264: 50 | G2264: 200 | H2264: 40000 | I2264: 132000
A2265: 2024 | B2265: 3517208 | C2265: Guaiçara | D2265: Sorgo (em grão) | E2265: 50 | G2265: 0 | I2265: 0
A2266: 2024 | B2266: 4313359 | C2266: Nova Roma do Sul | D2266: Soja (em grão) | E2266: 50 | F2266: 50 | G2266: 150 | H2266: 30000 | I2266: 300000
A2267: 2024 | B2267: 2904209 | C2267: Botuporã | D2267: Sorgo (em grão) | E2267: 60 | F2267: 60 | G2267: 86 | H2267: 14330 | I2267: 60000
A2268: 2024 | B2268: 5209101 | C2268: Goiatuba | D2268: Girassol (em grão) | E2268: 60 | F2268: 60 | G2268: 108 | H2268: 18000 | I2268: 205000
A2269: 2024 | B2269: 5208707 | C2269: Goiânia | D2269: Girassol (em grão) | E2269: 60 | F2269: 60 | G2269: 93 | H2269: 15500 | I2269: 183000
A2270: 2024 | B2270: 1200252 | C2270: Epitaciolândia | D2270: Sorgo (em grão) | E2270: 60 | F2270: 60 | G2270: 180 | H2270: 30000 | I2270: 162000
A2271: 2024 | B2271: 3501301 | C2271: Álvares Machado | D2271: Soja (em grão) | E2271: 60 | F2271: 30 | G2271: 70 | H2271: 23330 | I2271: 141000
A2272: 2024 | B2272: 5002407 | C2272: Caarapó | D2272: Sorgo (em grão) | E2272: 60 | F2272: 60 | G2272: 180 | H2272: 30000 | I2272: 90000
A2273: 2024 | B2273: 2916500 | C2273: Itapicuru | D2273: Soja (em grão) | E2273: 60 | F2273: 60 | G2273: 175 | H2273: 29170 | I2273: 355000
A2274: 2024 | B2274: 5220702 | C2274: Sítio d'Abadia | D2274: Sorgo (em grão) | E2274: 60 | F2274: 60 | G2274: 162 | H2274: 27000 | I2274: 103000
A2275: 2024 | B2275: 3169109 | C2275: Toledo | D2275: Soja (em grão) | E2275: 60 | F2275: 60 | G2275: 216 | H2275: 36000 | I2275: 370000
A2276: 2024 | B2276: 4208708 | C2276: Jacinto Machado | D2276: Soja (em grão) | E2276: 60 | F2276: 60 | G2276: 90 | H2276: 15000 | I2276: 177000
A2277: 2024 | B2277: 3145802 | C2277: Onça de Pitangui | D2277: Soja (em grão) | E2277: 60 | F2277: 60 | G2277: 198 | H2277: 33000 | I2277: 371000
... A2376: 2024 | B2376: 1709302 | C2376: Guaraí | D2376: Sorgo (em grão) | E2376: 100 | F2376: 100 | G2376: 175 | H2376: 17500 | I2376: 110000
A2377: 2024 | B2377: 3503208 | C2377: Araraquara | D2377: Sorgo (em grão) | E2377: 100 | G2377: 0 | I2377: 0
A2378: 2024 | B2378: 5210901 | C2378: Itapaci | D2378: Sorgo (em grão) | E2378: 100 | F2378: 100 | G2378: 400 | H2378: 40000 | I2378: 240000
A2379: 2024 | B2379: 3168200 | C2379: Tapiraí | D2379: Sorgo (em grão) | E2379: 100 | F2379: 100 | G2379: 390 | H2379: 39000 | I2379: 246000
A2380: 2024 | B2380: 3554508 | C2380: Tietê | D2380: Soja (em grão) | E2380: 100 | F2380: 100 | G2380: 280 | H2380: 28000 | I2380: 560000
A2381: 2024 | B2381: 1100924 | C2381: Chupinguaia | D2381: Sorgo (em grão) | E2381: 100 | F2381: 100 | G2381: 325 | H2381: 32500 | I2381: 774000
A2382: 2024 | B2382: 4318507 | C2382: São José do Norte | D2382: Soja (em grão) | E2382: 100 | F2382: 80 | G2382: 240 | H2382: 30000 | I2382: 472000
A2383: 2024 | B2383: 4118006 | C2383: Paraíso do Norte | D2383: Sorgo (em grão) | E2383: 100 | F2383: 100 | G2383: 200 | H2383: 20000 | I2383: 160000
A2384: 2024 | B2384: 3532827 | C2384: Nova Campina | D2384: Sorgo (em grão) | E2384: 100 | F2384: 100 | G2384: 250 | H2384: 25000 | I2384: 151000
A2385: 2024 | B2385: 4112108 | C2385: Jandaia do Sul | D2385: Sorgo (em grão) | E2385: 100 | F2385: 100 | G2385: 186 | H2385: 18600 | I2385: 140000
A2386: 2024 | B2386: 3534708 | C2386: Ourinhos | D2386: Sorgo (em grão) | E2386: 100 | F2386: 100 | G2386: 322 | H2386: 32200 | I2386: 242000
A2387: 2024 | B2387: 4304358 | C2387: Candiota | D2387: Sorgo (em grão) | E2387: 100 | F2387: 100 | G2387: 250 | H2387: 25000 | I2387: 158000
A2388: 2024 | B2388: 5220157 | C2388: São Luíz do Norte | D2388: Sorgo (em grão) | E2388: 100 | F2388: 100 | G2388: 280 | H2388: 28000 | I2388: 188000
A2389: 2024 | B2389: 3554201 | C2389: Tejupá | D2389: Sorgo (em grão) | E2389: 100 | F2389: 100 | G2389: 420 | H2389: 42000 | I2389: 378000
... A2410: 2024 | B2410: 3529500 | C2410: Mendonça | D2410: Soja (em grão) | E2410: 150 | F2410: 150 | G2410: 270 | H2410: 18000 | I2410: 545000
A2411: 2024 | B2411: 4304606 | C2411: Canoas | D2411: Soja (em grão) | E2411: 150 | G2411: 0 | I2411: 0
A2412: 2024 | B2412: 3130002 | C2412: Ibituruna | D2412: Soja (em grão) | E2412: 150 | F2412: 150 | G2412: 585 | H2412: 39000 | I2412: 1053000
A2413: 2024 | B2413: 3540408 | C2413: Populina | D2413: Sorgo (em grão) | E2413: 150 | F2413: 150 | G2413: 190 | H2413: 12670 | I2413: 137000
A2414: 2024 | B2414: 4216404 | C2414: São João do Sul | D2414: Soja (em grão) | E2414: 150 | F2414: 100 | G2414: 180 | H2414: 18000 | I2414: 270000
A2415: 2024 | B2415: 4310330 | C2415: Imbé | D2415: Soja (em grão) | E2415: 150 | G2415: 0 | I2415: 0
A2416: 2024 | B2416: 5203575 | C2416: Bonópolis | D2416: Sorgo (em grão) | E2416: 150 | F2416: 150 | G2416: 405 | H2416: 27000 | I2416: 344000
A2417: 2024 | B2417: 3535309 | C2417: Palmital | D2417: Sorgo (em grão) | E2417: 150 | F2417: 150 | G2417: 450 | H2417: 30000 | I2417: 460000
A2418: 2024 | B2418: 3543204 | C2418: Ribeirão do Sul | D2418: Sorgo (em grão) | E2418: 150 | F2418: 150 | G2418: 483 | H2418: 32200 | I2418: 362000
A2419: 2024 | B2419: 5101852 | C2419: Bom Jesus do Araguaia | D2419: Sorgo (em grão) | E2419: 150 | F2419: 150 | G2419: 207 | H2419: 13800 | I2419: 104000
A2420: 2024 | B2420: 4202073 | C2420: Balneário Gaivota | D2420: Soja (em grão) | E2420: 150 | F2420: 150 | G2420: 306 | H2420: 20400 | I2420: 612000
A2421: 2024 | B2421: 4212254 | C2421: Passo de Torres | D2421: Soja (em grão) | E2421: 150 | F2421: 150 | G2421: 558 | H2421: 37200 | I2421: 883000
A2422: 2024 | B2422: 1503457 | C2422: Ipixuna do Pará | D2422: Sorgo (em grão) | E2422: 150 | F2422: 150 | G2422: 288 | H2422: 19200 | I2422: 184000
A2423: 2024 | B2423: 3170800 | C2423: Várzea da Palma | D2423: Sorgo (em grão) | E2423: 150 | F2423: 150 | G2423: 550 | H2423: 36670 | I2423: 358000
A2424: 2024 | B2424: 4113809 | C2424: Lupionópolis | D2424: Sorgo (em grão) | E2424: 150 | F2424: 150 | G2424: 300 | H2424: 20000 | I2424: 135000
A2425: 2024 | B2425: 3556800 | C2425: Viradouro | D2425: Sorgo (em grão) | E2425: 150 | F2425: 150 | G2425: 360 | H2425: 24000 | I2425: 298000
A2426: 2024 | B2426: 3532009 | C2426: Morungaba | D2426: Soja (em grão) | E2426: 150 | F2426: 150 | G2426: 450 | H2426: 30000 | I2426: 892000
A2427: 2024 | B2427: 3546504 | C2427: Santa Ernestina | D2427: Soja (em grão) | E2427: 150 | F2427: 150 | G2427: 432 | H2427: 28800 | I2427: 881000
...

Sheet Id_municipio_cap_amzg
A1: cod_ibge | B1: nom_municipio | C1: qtd_capacidade_estatica(t)
A2: 1100023 | B2: ARIQUEMES-RO | C2: 30630
A3: 1100031 | B3: CABIXI-RO | C3: 4180
A4: 1100049 | B4: CACOAL-RO | C4: 31750
A5: 1100056 | B5: CEREJEIRAS-RO | C5: 67160
A6: 1100064 | B6: COLORADO DO OESTE-RO | C6: 12930
A7: 1100072 | B7: CORUMBIARA-RO | C7: 83460
A8: 1100098 | B8: ESPIGÃO D'OESTE-RO | C8: 3019
A9: 1100122 | B9: JI-PARANÁ-RO | C9: 89493
A10: 1100130 | B10: MACHADINHO D'OESTE-RO | C10: 6660
A11: 1100205 | B11: PORTO VELHO-RO | C11: 147840
A12: 1100262 | B12: RIO CRESPO-RO | C12: 6780
A13: 1100288 | B13: ROLIM DE MOURA-RO | C13: 4470
... A1465: 5300108 | B1465: BRASÍLIA-DF | C1465: 349721
A1466: Grand Total | C1466: 192857538
